{
  "11" : -2.2808418915084916,
  "12" : -2.164374458372961,
  "13" : -2.1718236544701415,
  "14" : -2.1561997447811825,
  "15" : -2.1637247497381904,
  "16" : -2.166154655322925,
  "17" : -2.1734532980509886,
  "0" : -2.53423254604294,
  "1" : -2.5290265964980434,
  "2" : -2.5277859545171606,
  "3" : -2.5395353210593394,
  "4" : -2.529748239131839,
  "5" : -2.5307527788622934,
  "6" : -2.3069420597313544,
  "7" : -2.289337878677262,
  "8" : -2.293948994669521,
  "9" : -2.292968228415649,
  "10" : -2.28235843273223
}