{
  "11" : -2.6220826254162057,
  "12" : -2.5404820754834794,
  "13" : -2.5361771331077074,
  "14" : -2.5333624909183974,
  "15" : -2.528382584260404,
  "16" : -2.530768550312404,
  "17" : -2.532278162351436,
  "0" : -2.8281163063477592,
  "1" : -2.8155952911468884,
  "2" : -2.8202803113457735,
  "3" : -2.815215116543891,
  "4" : -2.82617442541337,
  "5" : -2.835449812814298,
  "6" : -2.630545762099465,
  "7" : -2.6262733263256606,
  "8" : -2.6133064964999093,
  "9" : -2.6283341078435556,
  "10" : -2.6215741492466726
}