{
  "11" : -2.6159568975675627,
  "12" : -2.518706519268843,
  "13" : -2.5120874938329476,
  "14" : -2.505910507093592,
  "15" : -2.5073004008123263,
  "16" : -2.5185936998615723,
  "17" : -2.526275672459532,
  "0" : -2.794105218037739,
  "1" : -2.7982750189919035,
  "2" : -2.7835124624739573,
  "3" : -2.7987701380141745,
  "4" : -2.8002696918027663,
  "5" : -2.8144233057448482,
  "6" : -2.608365396503097,
  "7" : -2.616206038774224,
  "8" : -2.609076116044504,
  "9" : -2.6095503015643424,
  "10" : -2.6148672139759435
}